﻿<?xml version="1.0" encoding="UTF-8"?>
<aemps_prescripcion_unidad_contenido xmlns="http://schemas.aemps.es/prescripcion/aemps_prescripcion_unidad_contenido" xsi:schemaLocation="http://schemas.aemps.es/prescripcion/aemps_prescripcion_unidad_contenido http://schemas.aemps.es/prescripcion/aemps_prescripcion_unidad_contenido.xsd" xmlns:xsi="http://www.w3.org/2001/XMLSchema-instance">
  <unidadescontenido>
    <codigounidadcontenido>1</codigounidadcontenido>
    <unidadcontenido>ampolla para inyeccion</unidadcontenido>
  </unidadescontenido>
  <unidadescontenido>
    <codigounidadcontenido>2</codigounidadcontenido>
    <unidadcontenido>ampolla para inyeccion/bebible</unidadcontenido>
  </unidadescontenido>
  <unidadescontenido>
    <codigounidadcontenido>3</codigounidadcontenido>
    <unidadcontenido>ampolla/vial bebible</unidadcontenido>
  </unidadescontenido>
  <unidadescontenido>
    <codigounidadcontenido>4</codigounidadcontenido>
    <unidadcontenido>ampolla/vial nebulizacion</unidadcontenido>
  </unidadescontenido>
  <unidadescontenido>
    <codigounidadcontenido>5</codigounidadcontenido>
    <unidadcontenido>aplicacion rectal</unidadcontenido>
  </unidadescontenido>
  <unidadescontenido>
    <codigounidadcontenido>6</codigounidadcontenido>
    <unidadcontenido>aplicación uretral</unidadcontenido>
  </unidadescontenido>
  <unidadescontenido>
    <codigounidadcontenido>7</codigounidadcontenido>
    <unidadcontenido>aplicacion rectal/envase uso oral unidosis</unidadcontenido>
  </unidadescontenido>
  <unidadescontenido>
    <codigounidadcontenido>8</codigounidadcontenido>
    <unidadcontenido>aposito</unidadcontenido>
  </unidadescontenido>
  <unidadescontenido>
    <codigounidadcontenido>9</codigounidadcontenido>
    <unidadcontenido>capsula</unidadcontenido>
  </unidadescontenido>
  <unidadescontenido>
    <codigounidadcontenido>10</codigounidadcontenido>
    <unidadcontenido>capsula inhalacion/alveolo</unidadcontenido>
  </unidadescontenido>
  <unidadescontenido>
    <codigounidadcontenido>11</codigounidadcontenido>
    <unidadcontenido>chicle</unidadcontenido>
  </unidadescontenido>
  <unidadescontenido>
    <codigounidadcontenido>12</codigounidadcontenido>
    <unidadcontenido>comprimido</unidadcontenido>
  </unidadescontenido>
  <unidadescontenido>
    <codigounidadcontenido>13</codigounidadcontenido>
    <unidadcontenido>cápsula/comprimido vaginal</unidadcontenido>
  </unidadescontenido>
  <unidadescontenido>
    <codigounidadcontenido>14</codigounidadcontenido>
    <unidadcontenido>dispositivo intrauterino</unidadcontenido>
  </unidadescontenido>
  <unidadescontenido>
    <codigounidadcontenido>15</codigounidadcontenido>
    <unidadcontenido>dosis inyectable en envase multidosis</unidadcontenido>
  </unidadescontenido>
  <unidadescontenido>
    <codigounidadcontenido>16</codigounidadcontenido>
    <unidadcontenido>dosis oral en envase multidosis</unidadcontenido>
  </unidadescontenido>
  <unidadescontenido>
    <codigounidadcontenido>17</codigounidadcontenido>
    <unidadcontenido>enema</unidadcontenido>
  </unidadescontenido>
  <unidadescontenido>
    <codigounidadcontenido>18</codigounidadcontenido>
    <unidadcontenido>kit/envase</unidadcontenido>
  </unidadescontenido>
  <unidadescontenido>
    <codigounidadcontenido>19</codigounidadcontenido>
    <unidadcontenido>envase uso oftalmico unidosis</unidadcontenido>
  </unidadescontenido>
  <unidadescontenido>
    <codigounidadcontenido>20</codigounidadcontenido>
    <unidadcontenido>envase uso oral unidosis</unidadcontenido>
  </unidadescontenido>
  <unidadescontenido>
    <codigounidadcontenido>21</codigounidadcontenido>
    <unidadcontenido>envase uso otico unidosis</unidadcontenido>
  </unidadescontenido>
  <unidadescontenido>
    <codigounidadcontenido>22</codigounidadcontenido>
    <unidadcontenido>envase irrigacion vias urinarias</unidadcontenido>
  </unidadescontenido>
  <unidadescontenido>
    <codigounidadcontenido>23</codigounidadcontenido>
    <unidadcontenido>envase uso vaginal unidosis</unidadcontenido>
  </unidadescontenido>
  <unidadescontenido>
    <codigounidadcontenido>24</codigounidadcontenido>
    <unidadcontenido>envase uso topico unidosis</unidadcontenido>
  </unidadescontenido>
  <unidadescontenido>
    <codigounidadcontenido>25</codigounidadcontenido>
    <unidadcontenido>esponja</unidadcontenido>
  </unidadescontenido>
  <unidadescontenido>
    <codigounidadcontenido>26</codigounidadcontenido>
    <unidadcontenido>frasco/bolsa perfusion/dialisis</unidadcontenido>
  </unidadescontenido>
  <unidadescontenido>
    <codigounidadcontenido>27</codigounidadcontenido>
    <unidadcontenido>g</unidadcontenido>
  </unidadescontenido>
  <unidadescontenido>
    <codigounidadcontenido>28</codigounidadcontenido>
    <unidadcontenido>gragea</unidadcontenido>
  </unidadescontenido>
  <unidadescontenido>
    <codigounidadcontenido>29</codigounidadcontenido>
    <unidadcontenido>implante</unidadcontenido>
  </unidadescontenido>
  <unidadescontenido>
    <codigounidadcontenido>30</codigounidadcontenido>
    <unidadcontenido>jeringa precargada/cartucho/pluma</unidadcontenido>
  </unidadescontenido>
  <unidadescontenido>
    <codigounidadcontenido>31</codigounidadcontenido>
    <unidadcontenido>l</unidadcontenido>
  </unidadescontenido>
  <unidadescontenido>
    <codigounidadcontenido>32</codigounidadcontenido>
    <unidadcontenido>ml</unidadcontenido>
  </unidadescontenido>
  <unidadescontenido>
    <codigounidadcontenido>33</codigounidadcontenido>
    <unidadcontenido>ovulo</unidadcontenido>
  </unidadescontenido>
  <unidadescontenido>
    <codigounidadcontenido>34</codigounidadcontenido>
    <unidadcontenido>parche</unidadcontenido>
  </unidadescontenido>
  <unidadescontenido>
    <codigounidadcontenido>35</codigounidadcontenido>
    <unidadcontenido>pastilla</unidadcontenido>
  </unidadescontenido>
  <unidadescontenido>
    <codigounidadcontenido>36</codigounidadcontenido>
    <unidadcontenido>pulverizacion inhalada</unidadcontenido>
  </unidadescontenido>
  <unidadescontenido>
    <codigounidadcontenido>37</codigounidadcontenido>
    <unidadcontenido>pulverizacion nasal</unidadcontenido>
  </unidadescontenido>
  <unidadescontenido>
    <codigounidadcontenido>38</codigounidadcontenido>
    <unidadcontenido>pulverizacion sublingual</unidadcontenido>
  </unidadescontenido>
  <unidadescontenido>
    <codigounidadcontenido>39</codigounidadcontenido>
    <unidadcontenido>sobre/bolsa</unidadcontenido>
  </unidadescontenido>
  <unidadescontenido>
    <codigounidadcontenido>40</codigounidadcontenido>
    <unidadcontenido>supositorio</unidadcontenido>
  </unidadescontenido>
  <unidadescontenido>
    <codigounidadcontenido>41</codigounidadcontenido>
    <unidadcontenido>vial para inyeccion</unidadcontenido>
  </unidadescontenido>
  <unidadescontenido>
    <codigounidadcontenido>42</codigounidadcontenido>
    <unidadcontenido>vial para inyeccion/nebulizacion</unidadcontenido>
  </unidadescontenido>
  <unidadescontenido>
    <codigounidadcontenido>45</codigounidadcontenido>
    <unidadcontenido>Envase Unidosis Nasal</unidadcontenido>
  </unidadescontenido>
</aemps_prescripcion_unidad_contenido>